PQC,AVG-RUNTIME,MAE,MSE,RMSE,NRMSE
EfficientSU2,-0.008070980500269798,2.5093903918462415,6.394168651255281,2.5286693439940464,2.7991424459780463
