PQC,AVG-RUNTIME,MAE,MSE,RMSE,NRMSE
EfficientSU2,5.746699989686022e-05,0.6335776982367856,0.43113330957113555,0.6566074242430827,1.1316500966894698
