PQC,AVG-RUNTIME,MAE,MSE,RMSE,NRMSE
EfficientSU2,-0.011047968700040656,2.6498783395572203,7.16078119769891,2.6759636017141393,2.962191683638323
