PQC,AVG-RUNTIME,MAE,MSE,RMSE,NRMSE
EfficientSU2,-0.016076549300487387,9.134482660146046,84.00311572915408,9.16532136529615,16.103299544684862
