PQC,AVG-RUNTIME,MAE,MSE,RMSE,NRMSE
EfficientSU2,9.575289986969437e-05,0.7195676383430147,0.5550904759291553,0.7450439422806922,1.2840687116685938
