PQC,AVG-RUNTIME,MAE,MSE,RMSE,NRMSE
EfficientSU2,-0.0032975153999359463,1.4939194679501266,2.3371559565346396,1.5287759667572747,2.442013575030067
