PQC,AVG-RUNTIME,MAE,MSE,RMSE,NRMSE
EfficientSU2,0.00017403259971615626,0.6998908192139699,0.5365567324391156,0.7325003293099025,1.2624500392212135
