PQC,AVG-RUNTIME,MAE,MSE,RMSE,NRMSE
EfficientSU2,-0.014272461700602434,4.941478998221646,24.627279062414615,4.9625879400182535,8.749913287638966
