PQC,AVG-RUNTIME,MAE,MSE,RMSE,NRMSE
EfficientSU2,-0.015148484500059567,12.972665212577496,168.85538679175494,12.994436763159646,22.830984236291815
