PQC,AVG-RUNTIME,MAE,MSE,RMSE,NRMSE
EfficientSU2,-0.01515828249976039,9.955594279457046,99.85068238100642,9.99253132999874,17.556692100934153
