PQC,AVG-RUNTIME,MAE,MSE,RMSE,NRMSE
EfficientSU2,-0.004782015400633099,2.7727662677247364,7.824786348839844,2.797281957336415,3.096486568616124
