PQC,AVG-RUNTIME,MAE,MSE,RMSE,NRMSE
EfficientSU2,0.00015455770007974934,0.6963510626812024,0.5354535179270452,0.7317468947163666,1.261151509385662
