PQC,AVG-RUNTIME,MAE,MSE,RMSE,NRMSE
EfficientSU2,-0.0032088908003061077,1.3644929891788482,1.9482738867404663,1.3958058198547771,2.2296116856293575
