PQC,AVG-RUNTIME,MAE,MSE,RMSE,NRMSE
EfficientSU2,-0.0027436954003860594,1.385114256989988,1.963854668170973,1.4013759910070434,2.2385092833577724
