PQC,AVG-RUNTIME,MAE,MSE,RMSE,NRMSE
EfficientSU2,-0.009496485800264054,5.66990055140879,32.219163725327576,5.676192713899659,10.00812371505651
