PQC,AVG-RUNTIME,MAE,MSE,RMSE,NRMSE
EfficientSU2,-0.003254191399719275,1.529370563412507,2.4270934301402174,1.5579131651476013,2.4885563226626366
