PQC,AVG-RUNTIME,MAE,MSE,RMSE,NRMSE
EfficientSU2,-0.012972105500011821,6.112258580317539,37.50904394541189,6.124462747491561,10.798502438977264
