PQC,AVG-RUNTIME,MAE,MSE,RMSE,NRMSE
EfficientSU2,-0.014845354299905012,12.417040535308235,155.05109231248724,12.451951345571795,21.877847425277402
