PQC,AVG-RUNTIME,MAE,MSE,RMSE,NRMSE
EfficientSU2,-0.010089402599987807,4.596205185034833,21.21266657054493,4.6057210695552255,8.12069437816588
