PQC,AVG-RUNTIME,MAE,MSE,RMSE,NRMSE
EfficientSU2,-0.008804342499934137,5.984129971404928,35.90744779040837,5.992282352360273,10.565445209623586
