PQC,AVG-RUNTIME,MAE,MSE,RMSE,NRMSE
EfficientSU2,-0.004881768399900466,2.848826105639447,8.27749887015274,2.877064279808976,3.1848026174510875
