PQC,AVG-RUNTIME,MAE,MSE,RMSE,NRMSE
EfficientSU2,-0.0026416841998070594,1.4669715832937356,2.248876848227963,1.4996255693432154,2.3954497437359055
