PQC,AVG-RUNTIME,MAE,MSE,RMSE,NRMSE
EfficientSU2,3.731609995156759e-05,0.6609582203461584,0.4847372804379037,0.6962307666556425,1.1999401549750934
