PQC,AVG-RUNTIME,MAE,MSE,RMSE,NRMSE
EfficientSU2,-0.009290556399719208,2.487845089108769,6.364416039052042,2.5227794273483446,2.792622528407402
