PQC,AVG-RUNTIME,MAE,MSE,RMSE,NRMSE
EfficientSU2,-0.015006904499568919,11.384002066813299,130.91566973940562,11.441838564645352,20.10309801531522
