PQC,AVG-RUNTIME,MAE,RMSE,NRMSE
EfficientSU2,41.45750384330749,3.6664338052791265,3.6853379457271633,6.49789743789197
