PQC,AVG-RUNTIME,MAE,RMSE,NRMSE
EfficientSU2,44.65542750358581,5.648399740848433,5.727825984553919,10.063683955300228
