PQC,AVG-RUNTIME,MAE,RMSE,NRMSE
EfficientSU2,43.833913469314574,4.942204404898225,5.024715055562336,8.82833110170967
