PQC,AVG-RUNTIME,MAE,RMSE,NRMSE
EfficientSU2,38.73992121219635,3.155828514169835,3.1723298692805493,5.593374185302551
