PQC,AVG-RUNTIME,MAE,RMSE,NRMSE
EfficientSU2,34.35623021125794,1.2311751865497276,1.2456042042969662,1.9896848473224744
