PQC,AVG-RUNTIME,MAE,RMSE,NRMSE
EfficientSU2,32.53732886314392,0.5306350227047589,0.5432320444695687,0.9362498396320595
