PQC,AVG-RUNTIME,MAE,RMSE,NRMSE
EfficientSU2,43.99618022441864,7.625557512239507,7.638274998697208,13.420307418181194
