PQC,AVG-RUNTIME,MAE,RMSE,NRMSE
EfficientSU2,36.78050131797791,2.064458429147479,2.087272958117743,2.3105331455401577
