PQC,AVG-RUNTIME,MAE,RMSE,NRMSE
EfficientSU2,36.02648978233337,0.9598704818631913,0.9930726703689419,1.5862997553371077
