PQC,AVG-RUNTIME,MAE,RMSE,NRMSE
EfficientSU2,41.55582709312439,8.144682982967375,8.1489718567028,14.31759231995591
