PQC,AVG-RUNTIME,MAE,RMSE,NRMSE
EfficientSU2,32.63091843128204,0.5161134225078942,0.548892563675214,0.9460056341446869
