ALGO,AVG-RUNTIME,NRMSE
VQE,2722.29963345528,0.310045873893743
MDE,572.284573173523,0.464491658552905
