ALGO,AVG-RUNTIME,NRMSE
VQE,14.611559522151946,0.22112339349391663
MDE,12.36688334941864,0.5369827356629596
