shots,opt_iter,nrmse,opt_time,tot_time
8192,50,170.78493396600314,16.106293201446533,32.906495094299316
8192,100,106.06300001463175,30.25717067718506,43.54123663902283
8192,500,107.2759425526208,105.75922966003418,121.71232724189758
8192,1000,102.96343283445806,211.4160933494568,227.93053317070007
