PQC,AVG-RUNTIME,NRMSE
RealAmplitudes,8.664309358596801,0.3362660723602274
EfficientSU2,12.21993887424469,0.14400860658675677
