PQC,AVG-RUNTIME,MAE,RMSE,NRMSE
RealAmplitudes,251.06807198524476,3.2979819473304786,3.402822423432161,5.978695846867118
EfficientSU2,427.51329548358916,2.267352673012174,2.3247709071071436,4.08457933964713
PauliTwoDesign,284.3862552404404,2.8792783621493885,3.005085002789016,5.279878580186373
ExcitationPreserving,11.982215166091919,8.226734893871505,8.228767280241875,14.457791398234841
