PQC,AVG-RUNTIME,MAE,RMSE,NRMSE
RealAmplitudes,187.94192664623262,3.1232958058563125,3.2533546004062908,5.716083655701494
EfficientSU2,310.1645310640335,2.0894824398089122,2.2006071519413095,3.86642592610736
PauliTwoDesign,180.14749310016632,2.9833223296262164,3.1988798652372066,5.620372556975956
ExcitationPreserving,15.803426623344421,8.226734893871505,8.228767280241875,14.457791398234841
