PQC,AVG-RUNTIME,MAE,RMSE,NRMSE
RealAmplitudes,63.315836501121524,4.906380585284141,5.036750328703123,8.849476853262042
EfficientSU2,155.91408154964446,4.506600218755812,4.8684376252672,8.55375455694769
PauliTwoDesign,60.795168447494504,4.344502736029375,4.423211601234422,7.771500695426137
ExcitationPreserving,12.610983228683471,8.226734893871505,8.228767280241875,14.457791398234841
