PQC,AVG-RUNTIME,MAE,RMSE,NRMSE
RealAmplitudes,49.941559410095216,1.003284632120065,1.05829331658211,1.171491144057956
EfficientSU2,111.18033156394958,0.48705328432391787,0.5314092796399658,0.5882502092888692
PauliTwoDesign,49.084842109680174,0.5478220540725545,0.6109839746561937,0.6763364222904714
ExcitationPreserving,8.598936200141907,2.161463732761772,2.1796256395675995,2.412764111902042
