PQC,AVG-RUNTIME,MAE,RMSE,NRMSE
RealAmplitudes,27.168349075317384,0.4397213256921327,0.5133015059743952,0.8199299785773436
EfficientSU2,56.72654263973236,0.26141450814240885,0.3155731574758354,0.5040855895358574
PauliTwoDesign,27.625206971168517,0.2401254181322816,0.27260545781072404,0.43545048004196496
ExcitationPreserving,11.039350485801696,1.2373530085811084,1.2518309698039813,1.9996312660439262
