PQC,AVG-RUNTIME,MAE,RMSE,NRMSE
RealAmplitudes,12.443341732025146,0.11464107868155964,0.15970839294549563,0.27525430210789154
EfficientSU2,18.28062732219696,0.11724567784414346,0.20545963041905313,0.35410566808246635
PauliTwoDesign,15.022836327552795,0.23169166357223894,0.33211877838141923,0.5724002406780296
ExcitationPreserving,10.399691343307495,0.6157662833145425,0.6428056489739924,1.1078630060458372
