PQC,AVG-RUNTIME,MAE,RMSE,NRMSE
RealAmplitudes,25.680642104148866,0.9558257204825444,1.132206635488642,1.2533104253197738
EfficientSU2,48.85065050125122,0.764988160089674,0.8863973644440127,0.9812087502509578
PauliTwoDesign,28.186329770088197,0.8081903047266665,0.8566234357198846,0.9482501240576282
ExcitationPreserving,10.365706253051759,2.161463732761772,2.1796256395675995,2.412764111902042
