PQC,AVG-RUNTIME,MAE,RMSE,NRMSE
RealAmplitudes,13.493910264968871,0.29771824327202673,0.4245757714375184,0.7317480659819628
EfficientSU2,22.122532176971436,0.07343393091079668,0.1196030572286268,0.2061335377575996
PauliTwoDesign,16.374308776855468,0.05441361948264671,0.07452116148755522,0.12843576921174585
ExcitationPreserving,8.99104883670807,0.6157662833145425,0.6428056489739924,1.1078630060458372
