PQC,AVG-RUNTIME,MAE,RMSE,NRMSE
RealAmplitudes,225.26268310546874,3.1635630456059984,3.3014125059543167,5.800520503869231
EfficientSU2,361.3476114988327,2.0603389831087076,2.170153918716031,3.8129201604952923
PauliTwoDesign,228.10022902488708,3.5761292342492075,3.721376342618398,6.538389171010974
ExcitationPreserving,14.13213062286377,8.226734893871505,8.228767280241875,14.457791398234841
