PQC,AVG-RUNTIME,MAE,RMSE,NRMSE
RealAmplitudes,37.90154774188996,0.4152608504727041,0.49861539620967044,0.7964708974629859
EfficientSU2,87.92991058826446,0.33397184397209895,0.3730097466728768,0.5958328000968078
PauliTwoDesign,37.678245878219606,0.36044182886045306,0.40368884490594875,0.6448385249276049
ExcitationPreserving,11.406023716926574,1.2373530085811084,1.2518309698039813,1.9996312660439262
