PQC,AVG-RUNTIME,MAE,RMSE,NRMSE
RealAmplitudes,38.04804575443268,2.3272840841935825,2.3861090490273082,4.207128926719398
EfficientSU2,80.95037567615509,1.3337000952607023,1.4534622382633544,2.56270895455713
PauliTwoDesign,39.23367552757263,2.282676206475263,2.3036421401756795,4.061725296542373
ExcitationPreserving,12.048153400421143,4.126682575303358,4.129961405125337,7.281846611671201
