PQC,AVG-RUNTIME,MAE,RMSE,NRMSE
EfficientSU2,66.12563996315002,0.19222481162649405,0.23317386767834491,0.37246382896807356
