PQC,AVG-RUNTIME,MAE,RMSE,NRMSE
EfficientSU2,14.796474623680115,0.12338645440539002,0.16385454741481967,0.28240011851639285
