PQC,AVG-RUNTIME,MAE,RMSE,NRMSE
EfficientSU2,92.5336895942688,0.6654848482998166,0.7095853879517701,0.7854845012374521
