PQC,AVG-RUNTIME,MAE,RMSE,NRMSE
EfficientSU2,275.44249432086946,0.9921465854591978,1.0243867630061152,1.8061736049106079
