PQC,AVG-RUNTIME,MAE,RMSE,NRMSE
EfficientSU2,103.52830030918122,1.489783683158362,1.5586426170304295,2.7481604175632532
