PQC,AVG-RUNTIME,MAE,RMSE,NRMSE
EfficientSU2,197.97395215034484,0.9260914367192553,0.9898506446302456,1.7452803684112297
