PQC,AVG-RUNTIME,MAE,RMSE,NRMSE
EfficientSU2,235.800248169899,1.0904345751129279,1.1369845809878498,2.004703314736548
