PQC,AVG-RUNTIME,MAE,RMSE,NRMSE
EfficientSU2,27.367920064926146,0.11578300846803516,0.23628030488416382,0.40722449974764857
