PQC,AVG-RUNTIME,MAE,RMSE,NRMSE
EfficientSU2,270.27873253822327,1.8281532872272384,1.87842239201278,3.3003532821620656
