PQC,AVG-RUNTIME,MAE,RMSE,NRMSE
EfficientSU2,28.70647668838501,0.32653808685958163,0.39030024205431546,0.6234520362429841
