PQC,AVG-RUNTIME,MAE,RMSE,NRMSE
EfficientSU2,173.37691223621368,2.4553240615186964,2.5944486437838408,4.558398118187819
