PQC,AVG-RUNTIME,MAE,RMSE,NRMSE
EfficientSU2,250.5089804172516,2.3697265060446484,2.451593628413777,4.307404507349999
