PQC,AVG-RUNTIME,MAE,RMSE,NRMSE
EfficientSU2,167.83294422626494,0.5741582814320705,0.6114121408224994,0.6768103862323702
