PQC,AVG-RUNTIME,MAE,RMSE,NRMSE
EfficientSU2,22.24997968673706,0.10575534520762378,0.16249924705505756,0.28006428476468637
