PQC,AVG-RUNTIME,MAE,RMSE,NRMSE
EfficientSU2,44.007122254371644,0.3431360026797482,0.41383026922002353,0.661038083518025
