PQC,AVG-RUNTIME,MAE,RMSE,NRMSE
EfficientSU2,30.989399480819703,0.08093870562966374,0.15725629050925363,0.2710281513569088
