PQC,AVG-RUNTIME,MAE,RMSE,NRMSE
EfficientSU2,386.2647054195404,2.0147564678428265,2.0747312311119495,3.645264269271913
