PQC,AVG-RUNTIME,MAE,RMSE,NRMSE
EfficientSU2,52.54896423816681,0.7132526044446239,0.781622196409491,0.8652265555735495
