PQC,AVG-RUNTIME,MAE,RMSE,NRMSE
EfficientSU2,95.52463488578796,0.2880739809173187,0.35377042177060375,0.5651005714332313
