PQC,AVG-RUNTIME,MAE,RMSE,NRMSE
EfficientSU2,159.89284212589263,0.877137702456778,0.9095321442867221,1.6036647593996851
