PQC,AVG-RUNTIME,MAE,RMSE,NRMSE
EfficientSU2,19.382061624526976,0.11001663675113198,0.13296603989418868,0.22916437790226482
