PQC,AVG-RUNTIME,MAE,RMSE,NRMSE
EfficientSU2,153.8284669160843,0.53410527309684,0.6405811324972996,0.709099369723723
