PQC,AVG-RUNTIME,MAE,RMSE,NRMSE
EfficientSU2,122.35365118980408,0.4108509930522798,0.47367255022294236,0.5243378079355667
