PQC,AVG-RUNTIME,MAE,RMSE,NRMSE
EfficientSU2,371.5928774356842,1.8559633725869027,1.878185024410477,3.299936231689993
