PQC,AVG-RUNTIME,MAE,RMSE,NRMSE
EfficientSU2,108.66195042133332,0.33807929932092684,0.38032594048048207,0.6075194337071069
