PQC,AVG-RUNTIME,MAE,RMSE,NRMSE
RealAmplitudes,82.45560126304626,0.7472422562730553,0.8373841872325485,0.926952995116064
EfficientSU2,148.5173335790634,0.4979602982067955,0.5620730630602063,0.622193871369377
PauliTwoDesign,71.05229651927948,0.565193234646684,0.5970519751166611,0.6609142195572127
ExcitationPreserving,10.799222230911255,2.161463732761772,2.1796256395675995,2.412764111902042
