PQC,AVG-RUNTIME,MAE,RMSE,NRMSE
RealAmplitudes,12.642337775230407,0.11551690829771051,0.16673837706053102,0.2873703426974052
EfficientSU2,14.328635358810425,0.07676328989073637,0.142356356440216,0.24534840542754982
PauliTwoDesign,13.46444582939148,0.10559589689664266,0.11779943961811216,0.20302503796309515
ExcitationPreserving,11.417447566986084,0.6157662833145425,0.6428056489739924,1.1078630060458372
