PQC,AVG-RUNTIME,MAE,RMSE,NRMSE
RealAmplitudes,40.151253724098204,0.5009162975859671,0.5788722387670378,0.9246703873005044
EfficientSU2,85.59496166706086,0.24738426792547571,0.32445921638182124,0.5182798710714066
PauliTwoDesign,35.645121121406554,0.3134764197997703,0.4385488992702662,0.7005227637140884
ExcitationPreserving,10.021055269241334,1.2373530085811084,1.2518309698039813,1.9996312660439262
