PQC,AVG-RUNTIME,MAE,RMSE,NRMSE
RealAmplitudes,41.884847331047055,1.9617135225324744,2.0702343620909565,3.6501864294055837
EfficientSU2,84.9489057302475,1.074134180944715,1.1266654350167544,1.986508849763653
PauliTwoDesign,40.91196229457855,1.6165449159277352,1.7690681241335708,3.11917750842677
ExcitationPreserving,11.86612389087677,4.126682575303358,4.129961405125337,7.281846611671201
