PQC,AVG-RUNTIME,MAE,RMSE,NRMSE
RealAmplitudes,81.42484691143036,0.8714061870687868,0.904689754119849,1.0014577418803372
EfficientSU2,141.11047251224517,0.4812399641876125,0.580133426171997,0.642186018265159
PauliTwoDesign,74.32237210273743,0.754379103219714,0.8555058258098868,0.9470129716618232
ExcitationPreserving,9.72041575908661,2.161463732761772,2.1796256395675995,2.412764111902042
