PQC,AVG-RUNTIME,MAE,RMSE,NRMSE
RealAmplitudes,20.11764786243439,0.473124674833376,0.562198370216605,0.8980361294145756
EfficientSU2,40.281770372390746,0.38385745327529525,0.4618115106498745,0.737681650310238
PauliTwoDesign,21.083084797859193,0.3405925275679336,0.35725430153435545,0.5706655998362485
ExcitationPreserving,11.230529236793519,1.2373530085811084,1.2518309698039813,1.9996312660439262
