PQC,AVG-RUNTIME,MAE,RMSE,NRMSE
RealAmplitudes,201.99935455322264,3.0984950578537998,3.140791916177658,5.518313108500514
EfficientSU2,308.3384616136551,1.7854184350960742,1.8220146543690994,3.2012459339621873
PauliTwoDesign,175.89368121623994,3.74868573078451,3.9445530520459773,6.930506507661862
ExcitationPreserving,12.345423245429993,8.226734893871505,8.228767280241875,14.457791398234841
