PQC,AVG-RUNTIME,MAE,RMSE,NRMSE
RealAmplitudes,120.41525604724885,4.207020026746767,4.352530336096192,7.6473150243128565
EfficientSU2,234.78673803806305,2.2871547808174992,2.3926797938525524,4.203893993375266
PauliTwoDesign,132.15939753055574,3.3493267929678767,3.537430013637114,6.21519888474925
ExcitationPreserving,13.475724482536316,8.226734893871505,8.228767280241875,14.457791398234841
