PQC,AVG-RUNTIME,MAE,RMSE,NRMSE
RealAmplitudes,98.99824347496033,1.6533255121856842,1.7195115061678363,3.0318004956121145
EfficientSU2,178.14214582443236,1.1725286320134924,1.2232927629644406,2.156879783433273
PauliTwoDesign,89.77074232101441,1.2197683328805382,1.3463415354151118,2.3738363597412855
ExcitationPreserving,12.582955455780029,4.126682575303358,4.129961405125337,7.281846611671201
