PQC,AVG-RUNTIME,MAE,RMSE,NRMSE
RealAmplitudes,18.429369235038756,0.22404618104279633,0.3663921874791989,0.6314697931798018
EfficientSU2,27.20365376472473,0.035305463755751686,0.06577672127196504,0.11336489695215281
PauliTwoDesign,16.894895148277282,0.10306738659218373,0.15079450024188018,0.25989138178825844
ExcitationPreserving,10.575446486473083,0.6157662833145425,0.6428056489739924,1.1078630060458372
