PQC,AVG-RUNTIME,MAE,RMSE,NRMSE
RealAmplitudes,38.42256622314453,1.0329414592149597,1.1522634282063484,1.275512545165795
EfficientSU2,90.33208658695222,0.5225179587820018,0.5842575873688299,0.646751310555165
PauliTwoDesign,39.30421578884125,0.7367467629716393,0.8250737483705743,0.9133257994413848
ExcitationPreserving,11.752853870391846,2.161463732761772,2.1796256395675995,2.412764111902042
