PQC,AVG-RUNTIME,MAE,RMSE,NRMSE
RealAmplitudes,55.01402182579041,0.5858978892737664,0.6489890418104142,0.7184066110584478
EfficientSU2,127.8278074502945,0.43024830449907814,0.4554881734618117,0.5042083825654076
PauliTwoDesign,55.19261291027069,0.7620247157683647,0.8048982480471883,0.8909922747129866
ExcitationPreserving,10.699193406105042,2.161463732761772,2.1796256395675995,2.412764111902042
