PQC,AVG-RUNTIME,MAE,RMSE,NRMSE
RealAmplitudes,152.68510408401488,1.8299749638735996,1.8714374900945592,3.2996726626276915
EfficientSU2,244.76532933712005,0.9534465650839863,0.982932543519996,1.733082542284731
PauliTwoDesign,147.5946174144745,1.297145840942531,1.4351508672831863,2.530422794555365
ExcitationPreserving,11.34496729373932,4.126682575303358,4.129961405125337,7.281846611671201
