PQC,AVG-RUNTIME,MAE,RMSE,NRMSE
RealAmplitudes,190.40929398536682,2.9765605857681527,3.04143671633712,5.3437478662590046
EfficientSU2,310.71903750896456,2.01773714507912,2.125215867471922,3.733964838439883
PauliTwoDesign,189.3829907655716,4.089695248008856,4.183975508216218,7.351167319843758
ExcitationPreserving,13.338212299346925,8.226734893871505,8.228767280241875,14.457791398234841
