PQC,AVG-RUNTIME,MAE,RMSE,NRMSE
RealAmplitudes,236.92436847686767,3.3810809253975704,3.451649413070141,6.064483961507898
EfficientSU2,381.3313590288162,1.7682950156942632,1.79619055640169,3.1558734730886298
PauliTwoDesign,190.3761458873749,3.8098324206422047,4.119042789878773,7.237081738775349
ExcitationPreserving,14.530053615570068,8.226734893871505,8.228767280241875,14.457791398234841
