PQC,AVG-RUNTIME,MAE,RMSE,NRMSE
RealAmplitudes,15.408983993530274,0.33721367832324506,0.40814238596170704,0.7034254464440021
EfficientSU2,28.98916349411011,0.08165801593922098,0.13686031797101456,0.23587609025802428
PauliTwoDesign,19.055127596855165,0.1062797679329027,0.18868160959955121,0.32518907624749777
ExcitationPreserving,6.641976690292358,0.6157662833145425,0.6428056489739924,1.1078630060458372
