PQC,AVG-RUNTIME,MAE,RMSE,NRMSE
EfficientSU2,72.47954080104827,1.767173083222589,1.9116271774172677,3.3705341331711693
