PQC,AVG-RUNTIME,MAE,RMSE,NRMSE
EfficientSU2,38.01028096675873,0.06433947181954247,0.09478140631603552,0.16335390624854862
