PQC,AVG-RUNTIME,MAE,RMSE,NRMSE
EfficientSU2,144.5102782726288,3.5928403993623363,3.6698505889135,6.447859377989492
