PQC,AVG-RUNTIME,MAE,RMSE,NRMSE
EfficientSU2,85.06388592720032,0.189839421845554,0.24171838636481405,0.386112546032036
