PQC,AVG-RUNTIME,MAE,RMSE,NRMSE
EfficientSU2,32.58735132217407,0.11824472831275123,0.18962892117230984,0.32682174927757074
