PQC,AVG-RUNTIME,MAE,RMSE,NRMSE
EfficientSU2,197.5055396080017,1.0010554819325566,1.1019479745803584,1.9429276300204081
