PQC,AVG-RUNTIME,MAE,RMSE,NRMSE
EfficientSU2,274.487029504776,1.276911212793031,1.3545629026933215,2.3883320727965796
