PQC,AVG-RUNTIME,MAE,RMSE,NRMSE
EfficientSU2,25.719141125679016,0.06210363803111962,0.10434774899543628,0.1798413113834937
