PQC,AVG-RUNTIME,MAE,RMSE,NRMSE
EfficientSU2,186.00876495838165,0.5201481125634505,0.5782111565097926,0.640058137600622
