PQC,AVG-RUNTIME,MAE,RMSE,NRMSE
EfficientSU2,18.53553009033203,0.14596262427090825,0.2795249112630562,0.48175573589135434
