PQC,AVG-RUNTIME,MAE,RMSE,NRMSE
EfficientSU2,79.05867352485657,0.6313079137690172,0.6555541637727592,0.725673955676466
