PQC,AVG-RUNTIME,MAE,RMSE,NRMSE
EfficientSU2,194.94279730319977,0.9761593819386631,1.0518271798820686,1.8545558746342503
