PQC,AVG-RUNTIME,MAE,MSE,RMSE,NRMSE
RealAmplitudes,-0.0049344195002049675,2.5250880906370137,6.504539299021987,2.5503998312072533,2.8231972830704257
EfficientSU2,-0.0001355045023956336,2.730549367446037,7.59452094983403,2.7558158410594187,3.0505851278379996
PauliTwoDesign,-0.0005916503010666929,2.75829432475945,7.856449464398851,2.8029358651954297,3.102745233281556
ExcitationPreserving,3.662930248538032e-05,2.161463732761772,4.750767928660467,2.1796256395675995,2.412764111902042
