PQC,AVG-RUNTIME,MAE,MSE,RMSE,NRMSE
RealAmplitudes,-0.006122562300879509,2.8529151204368546,8.33208767720627,2.8865355839147853,3.1952869970732416
EfficientSU2,-0.00016115970065584407,2.94134605149105,8.810893603265683,2.9683149434090854,3.285813691245057
PauliTwoDesign,9.197009858326055e-05,2.375786944541341,5.808297632274867,2.41004100219786,2.6678253057570913
ExcitationPreserving,0.0007170282005972695,2.161463732761772,4.750767928660467,2.1796256395675995,2.412764111902042
