PQC,AVG-RUNTIME,MAE,MSE,RMSE,NRMSE
RealAmplitudes,-0.010999906098004431,5.104370349854411,26.293397651245584,5.127708811081766,9.041050355888046
EfficientSU2,0.00020010769803775476,5.938554891831357,35.348282718512955,5.945442180234617,10.48285776746008
PauliTwoDesign,-6.130810143076815e-05,4.682806502255952,22.17746190899318,4.709295266703202,8.303313861152468
ExcitationPreserving,0.00015430910207214765,4.126682575303358,17.05658120782484,4.129961405125337,7.281846611671201
