PQC,AVG-RUNTIME,MAE,MSE,RMSE,NRMSE
RealAmplitudes,-0.006589728999097133,2.662999774923198,7.259253302114206,2.6943001507096804,2.9824895579840076
EfficientSU2,-1.4264099445426836e-05,2.8259905710096254,8.16205862100697,2.8569316794433446,3.1625165813723886
PauliTwoDesign,-0.00024563970073359086,2.647919828369092,7.283945082200509,2.6988784860012704,2.987557604020571
ExcitationPreserving,7.085940160322934e-05,2.161463732761772,4.750767928660467,2.1796256395675995,2.412764111902042
