PQC,AVG-RUNTIME,MAE,MSE,RMSE,NRMSE
RealAmplitudes,-0.017912859901116462,10.770021231918257,116.8279207556554,10.808696533609194,18.99067921691818
EfficientSU2,2.256660081911832e-05,12.0946970791686,146.90560611271388,12.120462289562798,21.295427305792025
PauliTwoDesign,-9.307099971920252e-05,8.717777709829186,76.2798821556342,8.73383547793489,15.345186848299557
ExcitationPreserving,6.085400018491782e-05,8.226734893871505,67.71261095237926,8.228767280241875,14.457791398234841
