PQC,AVG-RUNTIME,MAE,MSE,RMSE,NRMSE
RealAmplitudes,-0.008150188899526256,4.51950296518811,20.67096309909659,4.546533085670508,8.016335577289992
EfficientSU2,0.00010294609928678256,4.66683799269172,21.907541511804055,4.680549274583492,8.252629633194244
PauliTwoDesign,-5.9456800227053466e-05,4.25949625153838,18.171805095478213,4.262840026963035,7.516134937221065
ExcitationPreserving,0.00013889350047975314,4.126682575303358,17.05658120782484,4.129961405125337,7.281846611671201
