PQC,AVG-RUNTIME,MAE,MSE,RMSE,NRMSE
RealAmplitudes,-0.0053573511991999116,2.5888427637189357,6.827091933597063,2.612870439496965,2.8923499113905846
EfficientSU2,4.501389994402416e-05,2.7614584889198297,7.722101422740565,2.7788669314561583,3.0761018232924062
PauliTwoDesign,-0.00019778360219788738,2.8282181033091947,8.190516369125248,2.8619078198162233,3.1680249827645883
ExcitationPreserving,0.00018731989912339485,2.161463732761772,4.750767928660467,2.1796256395675995,2.412764111902042
