PQC,AVG-RUNTIME,MAE,MSE,RMSE,NRMSE
RealAmplitudes,-0.01113111489903531,4.903390771856837,24.21679328519879,4.921056114819134,8.676685392524158
EfficientSU2,-0.00011166810218128375,5.585581554449178,31.631569541247977,5.624195012732754,9.91644264423899
PauliTwoDesign,0.00010923329900833779,4.418500169575389,19.642445416344206,4.431979852881126,7.814358128055685
ExcitationPreserving,-9.320760218543001e-05,4.126682575303358,17.05658120782484,4.129961405125337,7.281846611671201
