PQC,AVG-RUNTIME,MAE,MSE,RMSE,NRMSE
RealAmplitudes,-0.0016261567005130928,1.4806025581696807,2.2441137041243704,1.4980366164164247,2.392911605577221
EfficientSU2,0.00024253249866887928,1.3768883009486956,1.9388728560192559,1.392434147821453,2.224225893953556
PauliTwoDesign,-0.00018049249847535976,1.6823671184937925,3.0176345861466567,1.7371340150220582,2.774837476892305
ExcitationPreserving,0.00010163409897359088,1.2373530085811084,1.5670807769603763,1.2518309698039813,1.9996312660439262
