PQC,AVG-RUNTIME,MAE,MSE,RMSE,NRMSE
RealAmplitudes,-0.014421377497637878,4.822479011347116,23.361360594146824,4.83335914185433,8.52206024163411
EfficientSU2,-0.0002421212018816732,5.3704960305460965,29.022542590581736,5.387257427539707,9.49868010782052
PauliTwoDesign,2.9905900737503545e-05,4.64576332320764,21.87722963001007,4.677310084868233,8.246918373369068
ExcitationPreserving,0.00026172269936068914,4.126682575303358,17.05658120782484,4.129961405125337,7.281846611671201
