PQC,AVG-RUNTIME,MAE,MSE,RMSE,NRMSE
RealAmplitudes,-0.015996336200623774,10.904176799891612,120.15074665341567,10.961329602444025,19.2588526862281
EfficientSU2,6.473739995271899e-05,12.271963677948564,151.7266474756148,12.317737108560761,21.642035501656963
PauliTwoDesign,-0.00010328879943699576,8.641435976550557,74.94459596051564,8.657054693168783,15.210284434397712
ExcitationPreserving,-8.741598867345601e-06,8.226734893871505,67.71261095237926,8.228767280241875,14.457791398234841
