PQC,AVG-RUNTIME,MAE,MSE,RMSE,NRMSE
RealAmplitudes,-0.008035501100675902,2.419642627722528,6.082034021735171,2.466178019068204,2.7299668851160477
EfficientSU2,0.00010887019998335745,2.5029354227792426,6.5534382265467,2.5599684034274133,2.8337893348594316
PauliTwoDesign,-0.00012180280100437813,2.7068883632949956,7.400000178823565,2.7202941346155134,3.0112639265520866
ExcitationPreserving,0.00015087899992067834,2.161463732761772,4.750767928660467,2.1796256395675995,2.412764111902042
