PQC,AVG-RUNTIME,MAE,MSE,RMSE,NRMSE
RealAmplitudes,-0.004681333599000937,1.4193802211023478,2.080543565562825,1.4424089453282052,2.3040538979087253
EfficientSU2,-0.00014221719902707264,1.500651842799055,2.3200613456518804,1.5231747587364624,2.4330664000869624
PauliTwoDesign,-7.921960059320554e-05,1.4219160890369913,2.083713323437511,1.4435072994056908,2.3058083705232435
ExcitationPreserving,9.346319930045866e-05,1.2420477953101483,1.5786504514359654,1.2564435727226135,2.0069992775697845
