PQC,AVG-RUNTIME,MAE,MSE,RMSE,NRMSE
RealAmplitudes,0.0002342477993806824,0.6634380988442319,0.47774796339635534,0.6911931447839709,1.1912579118756739
EfficientSU2,-1.4058700253372081e-05,0.6944399654848813,0.5275296566888469,0.7263123685363253,1.251785209447469
PauliTwoDesign,-0.00014300729890237562,0.7068100406007018,0.5508196633230015,0.7421722598716564,1.2791194230132106
ExcitationPreserving,2.43822989432374e-05,0.6225640072734562,0.4210691237988257,0.6488983925075064,1.1183637307623653
