PQC,AVG-RUNTIME,MAE,MSE,RMSE,NRMSE
RealAmplitudes,-0.008082601299975067,4.475420253860054,20.12630976160588,4.486235589177845,7.910020511008147
EfficientSU2,-0.00010028519900515676,4.8159902031791235,23.35523679333968,4.832725607081337,8.520943208667562
PauliTwoDesign,0.0001044471988279838,4.6700744394036295,22.425624192026326,4.735570102112979,8.349641006235098
ExcitationPreserving,-4.0284101123688744e-05,4.126682575303358,17.05658120782484,4.129961405125337,7.281846611671201
