PQC,AVG-RUNTIME,MAE,MSE,RMSE,NRMSE
RealAmplitudes,-0.01124020019924501,4.9135086121162885,24.222437956868617,4.921629603786597,8.677696554199754
EfficientSU2,-5.127929980517365e-05,5.365436657738703,28.91694273047937,5.377447603694468,9.481383667122577
PauliTwoDesign,-4.5883499115006995e-05,4.834124425395403,23.590805459218494,4.857036695271973,8.563807922838336
ExcitationPreserving,-4.210119805065915e-05,4.126682575303358,17.05658120782484,4.129961405125337,7.281846611671201
