PQC,AVG-RUNTIME,MAE,MSE,RMSE,NRMSE
RealAmplitudes,6.228459969861432e-05,0.6220815476503581,0.4226311477868002,0.6501008750853979,1.1204361860458356
EfficientSU2,0.0004257125994627131,0.635881752901971,0.4380059742381011,0.6618201978166737,1.1406342103329834
PauliTwoDesign,5.935899753239937e-06,0.6370951067246569,0.4352906378410812,0.6597655931018843,1.1370931391566557
ExcitationPreserving,9.177339998132084e-05,0.6215654789867793,0.41891869459675507,0.6472392869694755,1.115504294707869
