PQC,AVG-RUNTIME,MAE,MSE,RMSE,NRMSE
RealAmplitudes,-0.0030285317974630744,1.4625137770311842,2.199708928248322,1.4831415739059848,2.3691187825592754
EfficientSU2,-3.455799887888134e-05,1.4826608817817095,2.2743633102142273,1.5080992375219302,2.4089852866621944
PauliTwoDesign,0.0003171256008499768,1.4395123596820452,2.1575005288636198,1.468843262184097,2.3462791565551306
ExcitationPreserving,-8.367100017494521e-05,1.2373530085811084,1.5670807769603763,1.2518309698039813,1.9996312660439262
