PQC,AVG-RUNTIME,MAE,MSE,RMSE,NRMSE
RealAmplitudes,-0.0017451001007430023,1.45249891680051,2.1731645661756773,1.4741657186950445,2.354781063528335
EfficientSU2,8.376500773010775e-06,1.3729119093617657,1.9336074578292564,1.390542145290554,2.2212036748940513
PauliTwoDesign,-8.723529826966114e-05,1.4678793896130733,2.215057656495864,1.4883069765662809,2.377369817172081
ExcitationPreserving,-2.8066500090062618e-05,1.2373530085811084,1.5670807769603763,1.2518309698039813,1.9996312660439262
