PQC,AVG-RUNTIME,MAE,MSE,RMSE,NRMSE
RealAmplitudes,-0.015684392199182183,9.606229273511012,92.99670259554509,9.643479797020632,16.94341503534636
EfficientSU2,0.00048655110149411487,10.693124339127078,114.98752091002866,10.72322343840828,18.840504574898173
PauliTwoDesign,-1.2519973097369076e-06,8.459819812420363,71.6188002639173,8.462789153932484,14.868963487226452
ExcitationPreserving,1.3166401913622394e-05,8.226734893871505,67.71261095237926,8.228767280241875,14.457791398234841
