PQC,AVG-RUNTIME,MAE,MSE,RMSE,NRMSE
RealAmplitudes,-0.0004970781003066805,1.4893715533472855,2.311727657605873,1.5204366667526383,2.4286926671531814
EfficientSU2,-0.0004535872998530976,1.5299720174567664,2.4317773874344453,1.559415719888204,2.4909564513626976
PauliTwoDesign,0.00017150389758171513,1.3415341292301286,1.8752745100790098,1.3694066270027356,2.1874425328454707
ExcitationPreserving,0.0007885689003160224,1.2373530085811084,1.5670807769603763,1.2518309698039813,1.9996312660439262
