PQC,AVG-RUNTIME,MAE,MSE,RMSE,NRMSE
RealAmplitudes,-0.019015188399498582,11.182563647784374,126.05596252688106,11.22746465266674,19.726447030415905
EfficientSU2,2.5845701020443813e-05,12.456226356325654,156.21004605115803,12.498401739868903,21.959459906010192
PauliTwoDesign,-0.00014063769922358915,8.981542585002146,81.0794261484194,9.00441148262447,15.820583867068418
ExcitationPreserving,2.4005200975807385e-05,8.226734893871505,67.71261095237926,8.228767280241875,14.457791398234841
