PQC,AVG-RUNTIME,MAE,MSE,RMSE,NRMSE
RealAmplitudes,-0.0005705094990844373,0.7074704607058754,0.5418388474203201,0.7360970366876368,1.2686488942775187
EfficientSU2,0.00010102020096383057,0.6856874268351659,0.522434318709807,0.7227961806137377,1.2457251281025747
PauliTwoDesign,1.040319912135601e-05,0.7406790479233735,0.5933958616594739,0.7703219207964122,1.3276348149066206
ExcitationPreserving,-7.519799692090601e-06,0.7079020466218736,0.5442475322594984,0.7377313415190508,1.2714655867975915
