PQC,AVG-RUNTIME,MAE,MSE,RMSE,NRMSE
RealAmplitudes,-0.001188432598428335,1.5520361855851124,2.4846020413217444,1.576262047161494,2.517866188816273
EfficientSU2,0.00033408559975214305,1.4174609733961137,2.0938803196043487,1.4470246437446561,2.3114268540751715
PauliTwoDesign,0.0007210473013401497,1.6091844327692875,2.7688940704003717,1.6639994201923183,2.6580148179402725
ExcitationPreserving,0.000540813500265358,1.2373530085811084,1.5670807769603763,1.2518309698039813,1.9996312660439262
