PQC,AVG-RUNTIME,MAE,MSE,RMSE,NRMSE
RealAmplitudes,-0.016175665599439525,8.886489909662032,79.3383701809185,8.907208888362195,15.6498007128789
EfficientSU2,6.495380148408003e-05,9.688471542629774,94.48585375945761,9.72038341627827,17.078533267170208
PauliTwoDesign,-6.026209957781248e-05,8.904070412910418,80.04021766646277,8.946519863414084,15.71886936649438
ExcitationPreserving,2.0738298917422072e-05,8.226734893871505,67.71261095237926,8.228767280241875,14.457791398234841
