PQC,AVG-RUNTIME,MAE,MSE,RMSE,NRMSE
RealAmplitudes,-4.1635497473180295e-05,0.6427334552031112,0.4528944487743235,0.6729743299519853,1.1598581396450276
EfficientSU2,3.227729903301224e-05,0.6157662833145425,0.4131991023528755,0.6428056489739924,1.1078630060458372
PauliTwoDesign,1.1295000149402767e-05,0.6292704391683888,0.4270137612105773,0.6534628996435661,1.1262305698371995
ExcitationPreserving,-7.733830134384334e-05,0.6157662833145425,0.4131991023528755,0.6428056489739924,1.1078630060458372
