PQC,AVG-RUNTIME,MAE,MSE,RMSE,NRMSE
RealAmplitudes,-0.008320376798656071,2.482807232279785,6.2823674967916485,2.5064651397519273,2.774563221841485
EfficientSU2,3.601170028559864e-05,2.6693098384507463,7.280178341687805,2.6981805613575616,2.9867850275273495
PauliTwoDesign,-1.0290001227986068e-06,2.384877677366061,5.847767322418001,2.4182157311575825,2.676874425156539
ExcitationPreserving,6.625819660257548e-05,2.161463732761772,4.750767928660467,2.1796256395675995,2.412764111902042
