PQC,AVG-RUNTIME,MAE,MSE,RMSE,NRMSE
RealAmplitudes,-0.006575077697925735,2.595609873648428,6.900975549833009,2.626970793486865,2.907958476207566
EfficientSU2,-3.5997499799123035e-05,2.5855333261030022,6.802885345668216,2.6082341431835094,2.887217704669311
PauliTwoDesign,7.720870053162798e-05,2.8495005042231347,8.32387686790897,2.8851129731622245,3.1937122201451884
ExcitationPreserving,0.000358037200930994,2.161463732761772,4.750767928660467,2.1796256395675995,2.412764111902042
