PQC,AVG-RUNTIME,MAE,MSE,RMSE,NRMSE
RealAmplitudes,-0.015576136199160828,8.697363765473344,75.97007444994817,8.716081370085307,15.313993210296527
EfficientSU2,-5.2026400589966214e-05,8.94607998764348,80.51964302763575,8.973273818826424,15.76587556964197
PauliTwoDesign,-3.876529990520794e-05,9.687179736767924,94.76783799230193,9.734877399962567,17.103998927517672
ExcitationPreserving,0.00011016629941877909,8.226734893871505,67.71261095237926,8.228767280241875,14.457791398234841
