PQC,AVG-RUNTIME,MAE,MSE,RMSE,NRMSE
RealAmplitudes,-0.004998266802431317,2.691342956197008,7.476349844394536,2.7342914702705956,3.026758453923094
EfficientSU2,-2.6811599673237653e-05,2.8774783338905587,8.496202862165859,2.914824670913477,3.226601958977644
PauliTwoDesign,1.2777101073879748e-05,2.831595924905136,8.239071113487121,2.870378217846408,3.1774013967733765
ExcitationPreserving,0.00028951559870620257,2.161463732761772,4.750767928660467,2.1796256395675995,2.412764111902042
