PQC,AVG-RUNTIME,MAE,MSE,RMSE,NRMSE
RealAmplitudes,-0.016397302701079752,8.91642054800481,80.31963965070794,8.962122496970679,15.746282904092652
EfficientSU2,0.00011175610015925485,9.376488918703485,88.64664304665834,9.415234625151852,16.54239250424908
PauliTwoDesign,0.000262424999527866,9.769555790460782,95.92863118893942,9.794316269599395,17.208431918376405
ExcitationPreserving,5.801189981866628e-05,8.226734893871505,67.71261095237926,8.228767280241875,14.457791398234841
