PQC,AVG-RUNTIME,MAE,MSE,RMSE,NRMSE
RealAmplitudes,-0.013528845099062891,4.99312190528241,25.07416769215919,5.007411276513962,8.828944694707326
EfficientSU2,-0.0003115526989859063,5.788674130844936,33.65738676501199,5.801498665432234,10.229060094136795
PauliTwoDesign,0.0006504528995719738,4.5949008782789855,21.3106288949064,4.6163436716633655,8.139423889553635
ExcitationPreserving,-0.0006833604020357598,4.126682575303358,17.05658120782484,4.129961405125337,7.281846611671201
