PQC,AVG-RUNTIME,MAE,MSE,RMSE,NRMSE
RealAmplitudes,0.0002919971004303079,0.7089955062972271,0.5525407506902902,0.7433308487411848,1.28111622834592
EfficientSU2,0.0004138893003982957,0.6817249282763947,0.5046494005930265,0.7103867964658596,1.224337796415012
PauliTwoDesign,0.00014084759932302403,0.7512185182310286,0.6118490145456047,0.7822077822072628,1.3481198653617419
ExcitationPreserving,0.0006150451983558014,0.6299917701707567,0.4306626236462671,0.6562489037295736,1.131032193572938
