PQC,AVG-RUNTIME,MAE,MSE,RMSE,NRMSE
RealAmplitudes,-0.015970103095605738,8.952067089030884,80.5871438387251,8.9770342451572,15.772482568917464
EfficientSU2,1.0654098878148943e-05,9.502772366482562,90.8544993110992,9.531762654991951,16.747130090098743
PauliTwoDesign,6.160819975775667e-05,8.741608573220129,76.86920619352728,8.76750855109519,15.404349812922224
ExcitationPreserving,0.00019875000143656507,8.226734893871505,67.71261095237926,8.228767280241875,14.457791398234841
