PQC,AVG-RUNTIME,MAE,MSE,RMSE,NRMSE
RealAmplitudes,-0.0024351463987841273,1.4050886125757804,2.0076545720707117,1.416917277779727,2.263334394490851
EfficientSU2,-9.106189900194294e-05,1.3942465046051953,1.9966735469721004,1.4130369941979934,2.2571361644116203
PauliTwoDesign,-0.0001295984984608367,1.3664156469670223,1.9338685822047499,1.3906360351309577,2.2213536512606407
ExcitationPreserving,-0.00024638379909447394,1.2373530085811084,1.5670807769603763,1.2518309698039813,1.9996312660439262
