PQC,AVG-RUNTIME,MAE,MSE,RMSE,NRMSE
RealAmplitudes,-0.016024631402251542,11.133771339309387,124.67454320858386,11.16577553099577,19.61806038849437
EfficientSU2,9.636720133130439e-05,12.324450184162817,152.87537407962583,12.364278146322405,21.723807241274738
PauliTwoDesign,-0.00010611780089675449,9.068451508683218,82.57163036486584,9.086893328573074,15.965502939665065
ExcitationPreserving,0.00036172740146867,8.226734893871505,67.71261095237926,8.228767280241875,14.457791398234841
