PQC,AVG-RUNTIME,MAE,MSE,RMSE,NRMSE
RealAmplitudes,-0.008496316200398724,4.562728845459563,20.93611594968733,4.575600064438252,8.067585761029902
EfficientSU2,0.00014265099962358364,4.522539807183181,20.670736997399946,4.546508220315888,8.016291735306853
PauliTwoDesign,2.6277500728610904e-05,4.243621360342929,18.05739774936094,4.249399692822616,7.4924372698533555
ExcitationPreserving,-1.158799568656832e-06,4.197922785777186,17.65905829474634,4.202268232127304,7.409336234831248
