PQC,AVG-RUNTIME,MAE,MSE,RMSE,NRMSE
RealAmplitudes,-0.0015896047996648121,1.4426198305726152,2.1417545044421438,1.4634734382427799,2.3377015864955797
EfficientSU2,0.0005483204011397901,1.47588436557642,2.3091969410009785,1.5196042053774985,2.4273629222965223
PauliTwoDesign,-0.0007339051015151199,1.502849788272069,2.361424498432558,1.5366927143812967,2.4546595124259536
ExcitationPreserving,0.00011035570205422118,1.2373530085811084,1.5670807769603763,1.2518309698039813,1.9996312660439262
