PQC,AVG-RUNTIME,MAE,MSE,RMSE,NRMSE
RealAmplitudes,-0.0031753212002513464,1.4501865575988506,2.2025579277202243,1.4841017241820806,2.370652493226685
EfficientSU2,-0.000111910498526413,1.4714550449590516,2.224702286580449,1.4915435919142455,2.3825398739944976
PauliTwoDesign,6.275640043895692e-05,1.5847950052624062,2.6883869077124625,1.6396301130780877,2.6190881340565273
ExcitationPreserving,1.680109926383011e-05,1.2373530085811084,1.5670807769603763,1.2518309698039813,1.9996312660439262
