PQC,AVG-RUNTIME,MAE,MSE,RMSE,NRMSE
RealAmplitudes,-0.015771986698382534,10.42053537698229,109.46919037664641,10.46275252391293,18.382862012065782
EfficientSU2,5.656139983329922e-05,10.75047292261435,116.95612044331824,10.814625302955172,19.00109595463031
PauliTwoDesign,-1.2152897397754714e-05,8.418377702037299,70.94596458674235,8.422942751007058,14.79895409677388
ExcitationPreserving,3.569799446268007e-06,8.226734893871505,67.71261095237926,8.228767280241875,14.457791398234841
