PQC,AVG-RUNTIME,MAE,MSE,RMSE,NRMSE
RealAmplitudes,-0.0028638447998673654,1.576495171102859,2.5692036208016296,1.602873551095541,2.5603744799406756
EfficientSU2,-5.52615019842051e-05,1.457652849181629,2.167441470892345,1.4722233087722612,2.351678325453657
PauliTwoDesign,-1.4311601989902557e-05,1.6485343641633456,2.8916422006215576,1.700482931587835,2.716292310542144
ExcitationPreserving,0.00015974959896993823,1.2373530085811084,1.5670807769603763,1.2518309698039813,1.9996312660439262
