PQC,AVG-RUNTIME,MAE,MSE,RMSE,NRMSE
RealAmplitudes,0.0005659569003910292,0.6271394973605038,0.42918438632809475,0.6551216576545876,1.1290894069356696
EfficientSU2,-0.0007130714984668884,0.6768774485092747,0.5063294179557449,0.7115682805997924,1.2263740612896337
PauliTwoDesign,9.494480182183906e-05,0.6419431687209944,0.4485967723547484,0.6697736724855258,1.1543418688907574
ExcitationPreserving,-7.127298158593476e-06,0.667184119938767,0.4757165678819715,0.6897220946743489,1.1887225856863486
