PQC,AVG-RUNTIME,MAE,MSE,RMSE,NRMSE
RealAmplitudes,0.000255137900239788,0.658652098701262,0.4636231155732367,0.6808987557436397,1.17351573302919
EfficientSU2,0.00018985169954248703,0.6786145003413863,0.5047515323860836,0.7104586774655396,1.224461681916812
PauliTwoDesign,0.0003291116008767858,0.6885955574814512,0.5252514883527161,0.7247423599823016,1.2490793303081762
ExcitationPreserving,0.0006551729995408096,0.6518391369254625,0.4660068031931335,0.6826469096049095,1.1765286421330043
