PQC,AVG-RUNTIME,MAE,MSE,RMSE,NRMSE
RealAmplitudes,-0.00727890809866949,4.949135994317299,24.570188943747933,4.956832551513913,8.739765527849451
EfficientSU2,-0.0010422352977911941,5.6518483214990365,32.305358931749396,5.683780338097998,10.021502027863681
PauliTwoDesign,7.348759900196455e-05,4.765308390990462,22.990226475410502,4.7948124546649895,8.454095668611101
ExcitationPreserving,6.0318200121400876e-05,4.126682575303358,17.05658120782484,4.129961405125337,7.281846611671201
