PQC,AVG-RUNTIME,MAE,MSE,RMSE,NRMSE
RealAmplitudes,-0.015613830800430151,10.869973260365372,119.45596877101362,10.929591427451149,19.203089301776888
EfficientSU2,-4.956919947289862e-05,11.32580052646026,128.7949058790705,11.348784334855893,19.939603460517226
PauliTwoDesign,-0.00013784609982394613,8.545831391043617,73.27959131427771,8.560349952792684,15.040376000246807
ExcitationPreserving,-0.0004957192017172929,8.226734893871505,67.71261095237926,8.228767280241875,14.457791398234841
