PQC,AVG-RUNTIME,MAE,MSE,RMSE,NRMSE
RealAmplitudes,-0.006504136600051424,2.456805970340866,6.197382510345647,2.4894542595407625,2.7557328132886174
EfficientSU2,-0.0001332833995547844,2.509499404931157,6.495526327711026,2.5486322464629976,2.8212406328281707
PauliTwoDesign,0.00011202110181329772,2.8948949943845745,8.596526245545604,2.9319833296841242,3.24559595287212
ExcitationPreserving,7.161980101955123e-05,2.191101464636012,4.881648177739253,2.2094452194474643,2.445773272218401
