PQC,AVG-RUNTIME,MAE,MSE,RMSE,NRMSE
RealAmplitudes,-0.014644189300815924,4.766961484747129,22.9093655968341,4.786372906161209,8.439215263772445
EfficientSU2,-4.2884899448836224e-05,4.359969766483218,19.114344295224555,4.371995459195326,7.708595116960225
PauliTwoDesign,4.094380019523669e-05,4.3994288478130565,19.439300491477407,4.409002210418748,7.773844512673902
ExcitationPreserving,6.445160070143175e-05,4.126682575303358,17.05658120782484,4.129961405125337,7.281846611671201
