PQC,AVG-RUNTIME,MAE,MSE,RMSE,NRMSE
RealAmplitudes,-0.0014198288998159114,1.4052209445428716,2.03836247867163,1.427712323499251,2.2805780251884635
EfficientSU2,0.0002084217001538491,1.2903789327397444,1.721751902821103,1.312155441562128,2.095991479798713
PauliTwoDesign,0.0004136139003094286,1.617963377862192,2.725881469903528,1.651024369869666,2.637288923686569
ExcitationPreserving,0.00068796109953837,1.2409177037944372,1.5749910380842722,1.2549864692833435,2.0046717511981686
