PQC,AVG-RUNTIME,MAE,MSE,RMSE,NRMSE
RealAmplitudes,-0.00042336359911132604,0.6205777101821144,0.4186739318106142,0.6470501771969576,1.1151783677011777
EfficientSU2,0.0005449121978017502,0.6157662833145425,0.4131991023528755,0.6428056489739924,1.1078630060458372
PauliTwoDesign,0.0002980638004373759,0.6692889504678192,0.48858705533533336,0.6989900252044613,1.2046956832988274
ExcitationPreserving,0.0011853306990815327,0.6157662833145425,0.4131991023528755,0.6428056489739924,1.1078630060458372
