PQC,AVG-RUNTIME,MAE,MSE,RMSE,NRMSE
RealAmplitudes,-0.005062828700465616,2.494577831825882,6.417024593295901,2.5331846741396293,2.804140747673017
EfficientSU2,2.105229941662401e-05,2.663847820266862,7.201547521094101,2.68356992103692,2.970611594815966
PauliTwoDesign,-2.7538000722415747e-06,2.974282522865959,8.939339998120223,2.9898729066835306,3.30967755078591
ExcitationPreserving,-6.46362008410506e-05,2.161463732761772,4.750767928660467,2.1796256395675995,2.412764111902042
