PQC,AVG-RUNTIME,MAE,MSE,RMSE,NRMSE
RealAmplitudes,-0.0018277416013006587,1.3780436281890582,1.9455076435244734,1.394814555245418,2.228028274007813
EfficientSU2,-0.0001482565996411722,1.3675728103422515,1.908938518416117,1.3816434121784524,2.2069891480223243
PauliTwoDesign,-3.7703983252868055e-06,1.5976180217038103,2.7022887483856897,1.6438639689419832,2.625851148205869
ExcitationPreserving,0.00021342970067053101,1.2611320924356177,1.6306812826211456,1.2769813164730115,2.039805555356413
