PQC,AVG-RUNTIME,MAE,MSE,RMSE,NRMSE
RealAmplitudes,-8.393889947910793e-05,0.6305759979959192,0.4298912180301814,0.6556609017092458,1.130018783552598
EfficientSU2,3.1114400189835575e-05,0.6410719888971635,0.4421636773866403,0.6649538911733958,1.1460350697494264
PauliTwoDesign,1.4280699542723595e-05,0.6572501585778984,0.46368468514465533,0.6809439662297151,1.1735936524206705
ExcitationPreserving,-6.527570003527217e-05,0.6290828549755462,0.432174603645047,0.6573998810807977,1.1330158806022184
