PQC,AVG-RUNTIME,MAE,RMSE,NRMSE
EfficientSU2,27.28997700214386,0.29716687190737473,0.3650495933925916,0.5831175280147848
