PQC,AVG-RUNTIME,MAE,RMSE,NRMSE
EfficientSU2,39.93040075302124,0.5840809698550143,0.6293710175741083,0.696690191520837
