PQC,AVG-RUNTIME,MAE,RMSE,NRMSE
EfficientSU2,100.30728702545166,0.35392497800279604,0.41713376334193963,0.6663149701686325
