PQC,AVG-RUNTIME,MAE,RMSE,NRMSE
EfficientSU2,14.505140399932861,0.11110860753933338,0.18579170125516387,0.32020837554780707
