PQC,AVG-RUNTIME,MAE,RMSE,NRMSE
EfficientSU2,238.18452932834626,2.2576683323895157,2.324281111524507,4.083718777898284
