PQC,AVG-RUNTIME,MAE,RMSE,NRMSE
EfficientSU2,143.45259947776793,1.1046969101141912,1.201437559290002,2.1183452245808363
