PQC,AVG-RUNTIME,MAE,RMSE,NRMSE
EfficientSU2,37.924401831626895,0.1768795312003016,0.2184595861037303,0.3489597471841082
