PQC,AVG-RUNTIME,MAE,RMSE,NRMSE
EfficientSU2,140.9611784696579,0.6850536611872957,0.7681489702672968,0.8503121978428909
