PQC,AVG-RUNTIME,MAE,RMSE,NRMSE
EfficientSU2,370.1688388347626,2.3319578116356796,2.360620064903263,4.14756564459018
