PQC,AVG-RUNTIME,MAE,RMSE,NRMSE
EfficientSU2,256.7922254562378,2.5243893380169213,2.661990122105878,4.677067242134622
