PQC,AVG-RUNTIME,MAE,RMSE,NRMSE
EfficientSU2,423.6665852069855,2.4939160110756524,2.5064949336727413,4.403865081806978
