PQC,AVG-RUNTIME,MAE,RMSE,NRMSE
EfficientSU2,56.7240006685257,0.3792144899315616,0.44343662652047255,0.7083302492813596
