PQC,AVG-RUNTIME,MAE,RMSE,NRMSE
EfficientSU2,120.94245381355286,0.5130171174074426,0.5544861738909997,0.613795468645471
