PQC,AVG-RUNTIME,MAE,RMSE,NRMSE
RealAmplitudes,72.87159729003906,0.9070136413694077,0.982127566207285,1.0871785053532084
EfficientSU2,129.62674369812012,0.6062504912883847,0.7049554619905348,0.7803593462579722
ExcitationPreserving,11.581806683540345,2.161463732761772,2.1796256395675995,2.412764111902042
