PQC,AVG-RUNTIME,MAE,RMSE,NRMSE
RealAmplitudes,24.046814680099487,0.4362620585024347,0.4727399562411048,0.7551383693247115
EfficientSU2,42.969617652893064,0.3224404086430383,0.41470326212916286,0.6624325720378472
ExcitationPreserving,9.931725811958312,1.2373530085811084,1.2518309698039813,1.9996312660439262
