PQC,AVG-RUNTIME,MAE,RMSE,NRMSE
RealAmplitudes,69.36150047779083,1.889693673105547,1.942841659653382,3.4255707423327073
EfficientSU2,154.6413845062256,0.964302866665904,1.0026521078124082,1.7678515941814703
ExcitationPreserving,12.806756401062012,4.126682575303358,4.129961405125337,7.281846611671201
