PQC,AVG-RUNTIME,MAE,RMSE,NRMSE
RealAmplitudes,48.140932369232175,0.3325239799456055,0.4179232896440794,0.6675761320324982
EfficientSU2,112.0014771938324,0.2381241834424027,0.2964527179845166,0.4735432642941924
ExcitationPreserving,10.959329724311829,1.2373530085811084,1.2518309698039813,1.9996312660439262
