PQC,AVG-RUNTIME,MAE,RMSE,NRMSE
RealAmplitudes,259.69439816474915,3.479843139310374,3.515042266553614,6.175864028605382
EfficientSU2,425.9866484165192,1.8018030700876722,1.893887112993966,3.327524509924788
ExcitationPreserving,11.471307301521302,8.226734893871505,8.228767280241875,14.457791398234841
