PQC,AVG-RUNTIME,MAE,RMSE,NRMSE
RealAmplitudes,12.861504483222962,0.18337354627016778,0.2666653867758552,0.45959259610337944
EfficientSU2,21.347046732902527,0.14082306831825228,0.21936707470114986,0.37807487721025057
ExcitationPreserving,7.240238547325134,0.6157662833145425,0.6428056489739924,1.1078630060458372
