PQC,AVG-RUNTIME,MAE,RMSE,NRMSE
RealAmplitudes,36.77223830223083,0.5572007976611167,0.6313287812554055,1.008462644401099
EfficientSU2,85.79179847240448,0.35171400538121544,0.46122470341025296,0.7367443048284659
ExcitationPreserving,9.964872574806213,1.2373530085811084,1.2518309698039813,1.9996312660439262
