PQC,AVG-RUNTIME,MAE,RMSE,NRMSE
RealAmplitudes,156.07268686294555,1.5640866848696877,1.6471016641097735,2.9041292388328643
EfficientSU2,263.51078782081606,1.0022060521807339,1.0444159633843313,1.8414885995562225
ExcitationPreserving,12.574424600601196,4.126682575303358,4.129961405125337,7.281846611671201
