PQC,AVG-RUNTIME,MAE,RMSE,NRMSE
RealAmplitudes,12.47131006717682,0.16847264196760406,0.2194107032650956,0.3781500701897764
EfficientSU2,14.509385442733764,0.1649403136971676,0.24587290517066696,0.42375715935660524
ExcitationPreserving,7.183377981185913,0.6157662833145425,0.6428056489739924,1.1078630060458372
