PQC,AVG-RUNTIME,MAE,RMSE,NRMSE
RealAmplitudes,42.02284724712372,1.7829133937100792,1.829396637034155,3.2255472620780026
EfficientSU2,96.78413441181183,1.6178908492314812,1.6786623962832372,2.9597763473879195
ExcitationPreserving,11.53932683467865,4.126682575303358,4.129961405125337,7.281846611671201
