PQC,AVG-RUNTIME,MAE,RMSE,NRMSE
RealAmplitudes,16.142255306243896,0.259279728759703,0.354183191947311,0.6104278273658007
EfficientSU2,26.215054178237914,0.09719258434212256,0.13923583585941865,0.23997024903364123
ExcitationPreserving,7.328487873077393,0.6157662833145425,0.6428056489739924,1.1078630060458372
