RealAmplitudes-RT,RealAmplitudes-EIG,EfficientSU2-RT,EfficientSU2-EIG,ExcitationPreserving-RT,ExcitationPreserving-EIG,Classic-EIG
131.52870965003967,-2.6368243960448,231.73349571228027,-3.2955415056813617,11.06014370918274,-0.0,-4.146904423901448
136.70616555213928,-2.6881916523930816,237.87696886062622,-2.7944477182935556,10.752484321594238,-0.0,-4.073692324904209
373.66297578811646,-2.384248018038872,247.25622367858887,-2.804729832861973,10.650180578231812,-0.0,-4.248449378644601
142.63791251182556,-3.0046430424150796,236.9492917060852,-2.3468108146730695,16.129074335098267,-0.0,-3.891247933603567
143.30082392692566,-2.1371388665294755,232.34539604187012,-3.449003539976587,16.28296995162964,-0.0,-4.226756016838705
137.01215267181396,-2.1075204681959248,242.58588528633118,-3.3573754408454395,5.8437206745147705,-0.0,-4.099728690065527
142.23545050621033,-2.2744008795878283,237.77382588386536,-3.10126440133792,10.855976819992065,-0.0,-3.815156316532847
42.04565072059631,-1.7993580304776415,232.04090404510498,-3.0862908474706443,10.982403039932251,-0.0,-4.280064087789053
147.20003819465637,-2.268201978034901,247.49874782562256,-3.471171354272059,10.974287748336792,-0.0,-4.382314844495509
