PQC,AVG-RUNTIME,MAE,RMSE,NRMSE
RealAmplitudes,15.67282793521881,0.9826916163153359,1.0150130382634874,1.7493551861922143
EfficientSU2,25.219695448875427,1.1390193657471688,1.2148118264548082,2.0937045030397825
PauliTwoDesign,15.008901476860046,1.104914760153777,1.1454730976600824,1.9742005555549809
ExcitationPreserving,8.262809705734252,0.6157662833145425,0.6428056489739924,1.1078630060458372
