PQC,AVG-RUNTIME,MAE,RMSE,NRMSE
RealAmplitudes,37.92344965934753,3.264761479193312,3.349753646965554,3.7080520784820807
EfficientSU2,91.0714319229126,3.7764206753693528,3.8308560326461754,4.240614436553321
PauliTwoDesign,37.04906976222992,3.563637418103589,3.58973573013358,3.9737032743829377
ExcitationPreserving,8.375817465782166,2.161463732761772,2.1796256395675995,2.412764111902042
