PQC,AVG-RUNTIME,MAE,RMSE,NRMSE
RealAmplitudes,48.991823720932004,6.540266135840466,6.570354429282539,11.584687711360813
EfficientSU2,99.63319993019104,7.191880744023322,7.203065864876716,12.700268989609405
PauliTwoDesign,44.72416868209839,6.474080356788406,6.487693278127124,11.438941597919921
ExcitationPreserving,9.026271867752076,4.126682575303358,4.129961405125337,7.281846611671201
