PQC,AVG-RUNTIME,MAE,RMSE,NRMSE
RealAmplitudes,106.44637053012848,12.306688262038039,12.357741720768376,21.712322862882225
EfficientSU2,175.67935473918914,13.945743770398156,13.964066616763198,24.53460589424798
PauliTwoDesign,105.02932269573212,13.125121711145454,13.166431114393825,23.133175119462035
ExcitationPreserving,12.690212368965149,8.226734893871505,8.228767280241875,14.457791398234841
