PQC,AVG-RUNTIME,MAE,RMSE,NRMSE
RealAmplitudes,24.696387195587157,1.9558992892015223,2.026844702738324,3.2376112564507746
EfficientSU2,50.98419036865234,2.2467558469448923,2.2838919422417057,3.6482095795148926
PauliTwoDesign,23.72919716835022,2.041176439813085,2.093081321946196,3.343415328981307
ExcitationPreserving,9.930321002006531,1.2373530085811084,1.2518309698039813,1.9996312660439262
