PQC,AVG-RUNTIME,MAE,RMSE,NRMSE
RealAmplitudes,45.118169164657594,11.460958915764554,11.505391856877619,20.214759970316837
EfficientSU2,107.44008107185364,12.840860114593912,12.88215959771409,22.633715340293914
PauliTwoDesign,47.80874605178833,12.5256290037638,12.594529006740519,22.128353729930733
ExcitationPreserving,7.205625534057617,8.226734893871505,8.228767280241875,14.457791398234841
