PQC,AVG-RUNTIME,MAE,RMSE,NRMSE
RealAmplitudes,36.57975611686707,2.038719195798871,2.106392676188979,3.36467842342402
EfficientSU2,82.49606738090515,2.1500010552798723,2.185801963727556,3.4915240583433054
PauliTwoDesign,38.963938212394716,2.200779045830406,2.2317429577064978,3.564908604795142
ExcitationPreserving,7.819647645950317,1.2373530085811084,1.2518309698039813,1.9996312660439262
