PQC,AVG-RUNTIME,MAE,RMSE,NRMSE
RealAmplitudes,31.507346320152283,1.936512497355172,1.9910735829754345,3.180471713473598
EfficientSU2,72.05192317962647,2.2818349668322226,2.3260690220851794,3.7155817803948943
PauliTwoDesign,31.668879866600037,2.120989101857893,2.1786434154445615,3.480089242212816
ExcitationPreserving,10.876669049263,1.2373530085811084,1.2518309698039813,1.9996312660439262
