PQC,AVG-RUNTIME,MAE,RMSE,NRMSE
RealAmplitudes,56.61214544773102,3.4881229692447038,3.538044910435003,3.9164834691010237
EfficientSU2,116.14740126132965,3.8274335633724874,3.8742776160209176,4.288680506316258
PauliTwoDesign,54.043390130996706,3.6101302269429203,3.6588053530246367,4.050160765205632
ExcitationPreserving,9.423230576515198,2.161463732761772,2.1796256395675995,2.412764111902042
