PQC,AVG-RUNTIME,MAE,RMSE,NRMSE
RealAmplitudes,93.83086190223693,6.719809745143017,6.739294070645688,11.882557941700133
EfficientSU2,159.92306191921233,6.964531145898259,6.993887677940398,12.33145114305824
PauliTwoDesign,83.17425909042359,6.626821363416875,6.668299183313852,11.757381498375086
ExcitationPreserving,10.518921422958375,4.126682575303358,4.129961405125337,7.281846611671201
