PQC,AVG-RUNTIME,MAE,RMSE,NRMSE
RealAmplitudes,111.96467864513397,6.587971916041279,6.613868106617336,11.66140995953207
EfficientSU2,187.7908495426178,7.335348456255749,7.351941461677662,12.962762788892888
PauliTwoDesign,102.72648177146911,6.900876007827503,6.9339985323978075,12.22585607115176
ExcitationPreserving,11.481323099136352,4.126682575303358,4.129961405125337,7.281846611671201
