PQC,AVG-RUNTIME,MAE,RMSE,NRMSE
EfficientSU2,106.0721408367157,0.5151941897110695,0.5833664164077539,0.6457648176118721
