PQC,AVG-RUNTIME,MAE,RMSE,NRMSE
EfficientSU2,50.42410304546356,0.3695294517752022,0.4161282307700918,0.6647087673998935
