PQC,AVG-RUNTIME,MAE,RMSE,NRMSE
EfficientSU2,325.57718605995177,1.225753083512539,1.284546500990626,2.264880871323497
