PQC,AVG-RUNTIME,MAE,RMSE,NRMSE
EfficientSU2,19.482645058631896,0.038062951575662876,0.05589835487117408,0.09633972501554891
