PQC,AVG-RUNTIME,MAE,RMSE,NRMSE
EfficientSU2,121.20264847278595,0.2184777513511023,0.2998318269055444,0.4789409353958373
