PQC,AVG-RUNTIME,MAE,RMSE,NRMSE
EfficientSU2,104.72198324203491,1.6264318933792126,1.7882814087034047,3.153053900339365
