PQC,AVG-RUNTIME,MAE,RMSE,NRMSE
EfficientSU2,263.17106251716615,0.5761797821978965,0.6274169210274223,0.6945270796848196
