PQC,AVG-RUNTIME,MAE,RMSE,NRMSE
EfficientSU2,171.0820341825485,1.2356315266860172,1.323198618487098,2.3330313364770716
