PQC,AVG-RUNTIME,MAE,RMSE,NRMSE
EfficientSU2,75.00094847679138,0.07779200120628779,0.12333240945012845,0.2125610036165434
