PQC,AVG-RUNTIME,MAE,RMSE,NRMSE
EfficientSU2,579.1483494520187,2.244520938748255,2.2660343250278454,3.9813802549936104
