PQC,AVG-RUNTIME,MAE,RMSE,NRMSE
EfficientSU2,361.9661443710327,2.0786718947321257,2.121724310526001,3.7278302376837775
