PQC,AVG-RUNTIME,MAE,RMSE,NRMSE
EfficientSU2,130.69181635379792,0.3508545129899026,0.40832372529003874,0.6522421217022167
