PQC,AVG-RUNTIME,MAE,RMSE,NRMSE
EfficientSU2,62.23109862804413,0.8169770445248001,0.8924019503789684,0.9878556024386422
