PQC,AVG-RUNTIME,MAE,RMSE,NRMSE
EfficientSU2,514.4517141342163,1.0572952938787232,1.1131193753179673,1.9626247696856418
