PQC,AVG-RUNTIME,MAE,RMSE,NRMSE
EfficientSU2,344.7955257177353,2.112311396951239,2.1239937576764767,3.7318176142097466
