PQC,AVG-RUNTIME,MAE,RMSE,NRMSE
EfficientSU2,233.93222680091858,0.5951610530572224,0.6595843765384228,0.7301352505648174
