PQC,AVG-RUNTIME,MAE,RMSE,NRMSE
EfficientSU2,58.63599898815155,0.04089603259590989,0.0876240448803972,0.1510183333298924
