PQC,AVG-RUNTIME,MAE,RMSE,NRMSE
EfficientSU2,34.179686427116394,0.14786686928785936,0.22463036839727993,0.3871460613001911
