PQC,AVG-RUNTIME,MAE,RMSE,NRMSE
EfficientSU2,160.66851222515106,0.3103377186767725,0.3465760737848977,0.5536085701023563
