PQC,AVG-RUNTIME,MAE,RMSE,NRMSE
EfficientSU2,198.54694447517394,0.47756876839126755,0.5534879184409599,0.6126904371755509
