PQC,AVG-RUNTIME,MAE,RMSE,NRMSE
EfficientSU2,154.26894056797028,0.35431714572949635,0.4422486160599043,0.7064325626777828
