PQC,AVG-RUNTIME,MAE,RMSE,NRMSE
EfficientSU2,140.54360501766206,0.542160142159695,0.5940925484703968,0.657638244878676
