PQC,AVG-RUNTIME,MAE,RMSE,NRMSE
EfficientSU2,292.8238648891449,0.5565164167757101,0.6260296669931894,0.6929914413223748
