PQC,AVG-RUNTIME,MAE,RMSE,NRMSE
EfficientSU2,789.7668877840042,1.9744577567133224,1.9923147105430234,3.5004599721550256
