PQC,AVG-RUNTIME,MAE,RMSE,NRMSE
EfficientSU2,98.43120148181916,0.2985832678260017,0.38281603121029434,0.6114970180605268
