PQC,AVG-RUNTIME,MAE,RMSE,NRMSE
EfficientSU2,57.40566968917847,0.16266003549141367,0.253978009767867,0.4377261491402238
