PQC,AVG-RUNTIME,MAE,RMSE,NRMSE
EfficientSU2,366.31135375499724,1.127120091291582,1.1987863139027546,2.1136706137682806
