PQC,AVG-RUNTIME,MAE,RMSE,NRMSE
EfficientSU2,191.3395993232727,0.5380750430435602,0.5910788983495918,0.6543022468406138
