PQC,AVG-RUNTIME,MAE,RMSE,NRMSE
EfficientSU2,332.9229555606842,0.9608441507045452,0.9935434890383171,1.7517915010593395
