PQC,AVG-RUNTIME,MAE,RMSE,NRMSE
EfficientSU2,795.5573244094849,1.8964117775879885,1.9178502795125887,3.369627348778827
