PQC,AVG-RUNTIME,MAE,RMSE,NRMSE
EfficientSU2,178.0406819820404,0.4292670442469264,0.5023727689115558,0.8024727939762559
