PQC,AVG-RUNTIME,MAE,RMSE,NRMSE
EfficientSU2,169.06504726409912,0.6258106907286457,0.6838858546255798,0.7570360784549216
