PQC,AVG-RUNTIME,MAE,RMSE,NRMSE
EfficientSU2,454.6717652082443,1.984826251996455,2.023543622485936,3.555328590878583
