PQC,AVG-RUNTIME,MAE,RMSE,NRMSE
EfficientSU2,18.68430781364441,0.09291956827881101,0.1533463463132999,0.26428943875020605
