PQC,AVG-RUNTIME,MAE,RMSE,NRMSE
EfficientSU2,73.00000238418579,0.07368590645472224,0.14225371463685707,0.24517150428021753
