PQC,AVG-RUNTIME,MAE,RMSE,NRMSE
EfficientSU2,204.20006835460663,3.8626726332448484,4.171283656194488,7.328867971382656
