PQC,AVG-RUNTIME,MAE,RMSE,NRMSE
EfficientSU2,205.8496432542801,0.9966266726397974,1.0298265729194256,1.8157649442718464
