PQC,AVG-RUNTIME,MAE,RMSE,NRMSE
EfficientSU2,42.64997794628143,0.07682285608645445,0.15769217414631348,0.271779388308871
