PQC,AVG-RUNTIME,MAE,RMSE,NRMSE
EfficientSU2,479.8341127157211,1.8271801415401583,1.8826263384784763,3.3077395380835717
