PQC,AVG-RUNTIME,MAE,RMSE,NRMSE
EfficientSU2,33.09192628860474,0.3684188150015088,0.45026436182802687,0.7192366362669727
