PQC,AVG-RUNTIME,MAE,RMSE,NRMSE
EfficientSU2,443.33430910110474,1.024367386664155,1.0624094111903808,1.8732142052183383
