PQC,AVG-RUNTIME,MAE,RMSE,NRMSE
EfficientSU2,68.12376055717468,0.27570040036615406,0.3332837371897789,0.532375853788794
