PQC,AVG-RUNTIME,MAE,RMSE,NRMSE
EfficientSU2,307.8203233957291,0.601728642530591,0.6225550269181593,0.6891451446360904
