PQC,AVG-RUNTIME,MAE,RMSE,NRMSE
EfficientSU2,31.058087754249573,0.03908470394190546,0.08422242068542908,0.14515570033640404
