PQC,AVG-RUNTIME,MAE,RMSE,NRMSE
EfficientSU2,297.31779980659485,1.0310392425300439,1.0549397201962913,1.8600438293431454
