PQC,AVG-RUNTIME,MAE,RMSE,NRMSE
EfficientSU2,133.5344748735428,0.4215811016356348,0.5378800098232693,0.8591908260514124
