PQC,AVG-RUNTIME,MAE,RMSE,NRMSE
EfficientSU2,28.090236806869505,0.06867669289240626,0.11838922286644028,0.20404151789517289
