PQC,AVG-RUNTIME,MAE,RMSE,NRMSE
EfficientSU2,264.9355541229248,3.060568659211766,3.1058720438103355,5.456959540809766
