PQC,AVG-RUNTIME,MAE,RMSE,NRMSE
EfficientSU2,39.02890675067901,2.2211813835937453,2.261266507745876,3.9870096212231205
