PQC,AVG-RUNTIME,MAE,RMSE,NRMSE
EfficientSU2,34.158532071113584,0.9867546288523069,1.0086547628096507,1.6111900480255104
