PQC,AVG-RUNTIME,MAE,RMSE,NRMSE
EfficientSU2,40.28449845314026,4.043072145501728,4.048545174955718,7.138295512365543
