PQC,AVG-RUNTIME,MAE,RMSE,NRMSE
EfficientSU2,40.130455660820004,2.020682762615178,2.041756792616978,2.2601484516560166
