PQC,AVG-RUNTIME,MAE,RMSE,NRMSE
EfficientSU2,35.04010798931122,0.4338105475325554,0.45224740737429375,0.779439591126544
