PQC,AVG-RUNTIME,MAE,RMSE,NRMSE
EfficientSU2,38.201898264884946,2.9174914310248594,2.999446669608386,5.288550769716804
