PQC,AVG-RUNTIME,MAE,RMSE,NRMSE
EfficientSU2,34.604964637756346,0.3154749203060027,0.43174488267082206,0.744103889447861
