PQC,AVG-RUNTIME,MAE,RMSE,NRMSE
EfficientSU2,37.053324580192566,1.640534617304097,1.7051234213555857,1.8875078925143036
