PQC,AVG-RUNTIME,MAE,RMSE,NRMSE
EfficientSU2,46.189460372924806,4.181224476976849,4.3361725071216055,7.618574622380426
