PQC,AVG-RUNTIME,MAE,RMSE,NRMSE
EfficientSU2,31.890848898887633,1.0809014600257718,1.0996360212610183,1.75652034693309
