PQC,AVG-RUNTIME,MAE,RMSE,NRMSE
EfficientSU2,36.007986998558046,1.6700000443223928,1.6984530051449303,1.880123991099145
