PQC,AVG-RUNTIME,MAE,RMSE,NRMSE
EfficientSU2,35.29412310123443,1.0040820700131523,1.0199556731566088,1.629241729290494
