PQC,AVG-RUNTIME,MAE,RMSE,NRMSE
EfficientSU2,39.91090574264526,1.6265279847853606,1.6724983872469152,1.851393199230279
