PQC,AVG-RUNTIME,MAE,RMSE,NRMSE
EfficientSU2,34.38245527744293,0.472931129085682,0.5100408804132118,0.8790455153633974
